date,country,week,cases,deaths,recovered,monitoring
2020-02-25,Brasil,9,0.0,0,,
2020-02-26,Brasil,9,1.0,0,,
2020-02-27,Brasil,9,1.0,0,,
2020-02-28,Brasil,9,1.0,0,,
2020-02-29,Brasil,9,2.0,0,,
2020-03-01,Brasil,10,2.0,0,,
2020-03-02,Brasil,10,2.0,0,,
2020-03-03,Brasil,10,2.0,0,,
2020-03-04,Brasil,10,3.0,0,,
2020-03-05,Brasil,10,7.0,0,,
2020-03-06,Brasil,10,13.0,0,,
2020-03-07,Brasil,10,19.0,0,,
2020-03-08,Brasil,11,25.0,0,,
2020-03-09,Brasil,11,25.0,0,,
2020-03-10,Brasil,11,34.0,0,,
2020-03-11,Brasil,11,52.0,0,,
2020-03-12,Brasil,11,77.0,0,,
2020-03-13,Brasil,11,98.0,0,,
2020-03-14,Brasil,11,121.0,0,,
2020-03-15,Brasil,12,200.0,0,,
2020-03-16,Brasil,12,234.0,0,,
2020-03-17,Brasil,12,291.0,1,,
2020-03-18,Brasil,12,428.0,4,,
2020-03-19,Brasil,12,621.0,6,,
2020-03-20,Brasil,12,904.0,11,,
2020-03-21,Brasil,12,1128.0,18,,
2020-03-22,Brasil,13,1546.0,25,,
2020-03-23,Brasil,13,1891.0,34,,
2020-03-24,Brasil,13,2201.0,46,,
2020-03-25,Brasil,13,2433.0,57,,
2020-03-26,Brasil,13,2915.0,77,,
2020-03-27,Brasil,13,3417.0,92,,
2020-03-28,Brasil,13,3903.0,114,,
2020-03-29,Brasil,14,4256.0,136,,
2020-03-30,Brasil,14,4579.0,159,,
2020-03-31,Brasil,14,5717.0,201,,
2020-04-01,Brasil,14,6834.0,241,,
2020-04-02,Brasil,14,7910.0,299,,
2020-04-03,Brasil,14,9056.0,359,,
2020-04-04,Brasil,14,10278.0,432,,
2020-04-05,Brasil,15,11130.0,486,,
2020-04-06,Brasil,15,12056.0,553,,
2020-04-07,Brasil,15,13717.0,667,,
2020-04-08,Brasil,15,15927.0,800,,
2020-04-09,Brasil,15,17857.0,941,,
2020-04-10,Brasil,15,19638.0,1056,,
2020-04-11,Brasil,15,20727.0,1124,,
2020-04-12,Brasil,16,22169.0,1223,,
2020-04-13,Brasil,16,23430.0,1328,,
2020-04-14,Brasil,16,25262.0,1532,,
2020-04-15,Brasil,16,28320.0,1736,,
2020-04-16,Brasil,16,30425.0,1924,,
2020-04-17,Brasil,16,33682.0,2141,,
2020-04-18,Brasil,16,36599.0,2347,,
2020-04-19,Brasil,17,38654.0,2462,22130.0,14062.0
2020-04-20,Brasil,17,40581.0,2575,22991.0,15015.0
2020-04-21,Brasil,17,43079.0,2741,24325.0,16013.0
2020-04-22,Brasil,17,45757.0,2906,25318.0,17533.0
2020-04-23,Brasil,17,49492.0,3313,26573.0,19606.0
2020-04-24,Brasil,17,52995.0,3670,27655.0,21670.0
2020-04-25,Brasil,17,58509.0,4016,29160.0,25333.0
2020-04-26,Brasil,18,61888.0,4205,30152.0,27531.0
2020-04-27,Brasil,18,66501.0,4543,31142.0,30816.0
2020-04-28,Brasil,18,71886.0,5017,32544.0,34325.0
2020-04-29,Brasil,18,78162.0,5466,34132.0,38564.0
2020-04-30,Brasil,18,85380.0,5901,35935.0,43544.0
2020-05-01,Brasil,18,91299.0,6329,38039.0,47221.0
2020-05-02,Brasil,18,96396.0,6724,40937.0,48872.0
2020-05-03,Brasil,19,101147.0,7025,42991.0,51131.0
2020-05-04,Brasil,19,107780.0,7321,45186.0,55273.0
2020-05-05,Brasil,19,114715.0,7921,48221.0,58573.0
2020-05-06,Brasil,19,125218.0,8535,51370.0,65312.0
2020-05-07,Brasil,19,135106.0,9146,55350.0,70610.0
2020-05-08,Brasil,19,145328.0,9895,59297.0,76134.0
2020-05-09,Brasil,19,155939.0,10627,61685.0,83627.0
2020-05-10,Brasil,20,162699.0,11123,64957.0,86619.0
2020-05-11,Brasil,20,168331.0,11519,67384.0,89429.0
2020-05-12,Brasil,20,177589.0,12400,72597.0,92593.0
2020-05-13,Brasil,20,188974.0,13149,78424.0,97402.0
2020-05-14,Brasil,20,202918.0,13993,79479.0,109446.0
2020-05-15,Brasil,20,218223.0,14817,84970.0,118436.0
2020-05-16,Brasil,20,233142.0,15633,89672.0,127837.0
2020-05-17,Brasil,21,241080.0,16118,94122.0,130840.0
2020-05-18,Brasil,21,254220.0,16792,100459.0,136969.0
2020-05-19,Brasil,21,271628.0,17971,106794.0,146863.0
2020-05-20,Brasil,21,291579.0,18859,116683.0,156037.0
2020-05-21,Brasil,21,310087.0,20047,125960.0,164080.0
2020-05-22,Brasil,21,330890.0,21046,135430.0,174412.0
2020-05-23,Brasil,21,347398.0,22013,142587.0,182798.0
2020-05-24,Brasil,22,363211.0,22666,149911.0,190634.0
2020-05-25,Brasil,22,374898.0,23473,153833.0,197592.0
2020-05-26,Brasil,22,391222.0,24512,158593.0,208117.0
2020-05-27,Brasil,22,411821.0,25598,166647.0,219576.0
2020-05-28,Brasil,22,438238.0,26754,177604.0,233880.0
2020-05-29,Brasil,22,465166.0,27878,189476.0,247812.0
2020-05-30,Brasil,22,498440.0,28834,200892.0,268714.0
2020-05-31,Brasil,23,514200.0,29314,206555.0,278331.0
2020-06-01,Brasil,23,526447.0,29937,211080.0,285430.0
2020-06-02,Brasil,23,555383.0,31199,223638.0,300546.0
2020-06-03,Brasil,23,584016.0,32548,238617.0,312851.0
2020-06-04,Brasil,23,614941.0,34021,254963.0,325957.0
2020-06-05,Brasil,23,645771.0,35026,266940.0,343805.0
2020-06-06,Brasil,23,672846.0,35930,277149.0,359767.0
2020-06-07,Brasil,24,691758.0,36455,283952.0,371351.0
2020-06-08,Brasil,24,707412.0,37134,290040.0,380238.0
2020-06-09,Brasil,24,739503.0,38406,311064.0,390033.0
2020-06-10,Brasil,24,772416.0,39680,325395.0,407341.0
2020-06-11,Brasil,24,802828.0,40919,345595.0,416314.0
2020-06-12,Brasil,24,828810.0,41828,365063.0,421919.0
2020-06-13,Brasil,24,850514.0,42720,379245.0,428549.0
2020-06-14,Brasil,25,867624.0,43332,388492.0,435800.0
2020-06-15,Brasil,25,888271.0,43959,412252.0,432060.0
2020-06-16,Brasil,25,923189.0,45241,441729.0,436219.0
2020-06-17,Brasil,25,955377.0,46510,463474.0,445393.0
2020-06-18,Brasil,25,978142.0,47748,482102.0,448292.0
2020-06-19,Brasil,25,1032913.0,48954,507200.0,476759.0
2020-06-20,Brasil,25,1067579.0,49976,520734.0,496869.0
2020-06-21,Brasil,26,1085038.0,50617,549386.0,485035.0
2020-06-22,Brasil,26,1106470.0,51271,571649.0,483550.0
2020-06-23,Brasil,26,1145906.0,52645,613345.0,479916.0
2020-06-24,Brasil,26,1188631.0,53830,649908.0,484893.0
2020-06-25,Brasil,26,1228114.0,54971,673729.0,499414.0
2020-06-26,Brasil,26,1274974.0,55961,697526.0,521487.0
2020-06-27,Brasil,26,1313667.0,57070,715905.0,540692.0
2020-06-28,Brasil,27,1344143.0,57622,733848.0,552673.0
2020-06-29,Brasil,27,1368195.0,58314,757462.0,552419.0
2020-06-30,Brasil,27,1402041.0,59594,790040.0,552407.0
2020-07-01,Brasil,27,1448753.0,60632,826866.0,561255.0
2020-07-02,Brasil,27,1496858.0,61884,852816.0,582158.0
2020-07-03,Brasil,27,1539081.0,63174,868372.0,607535.0
2020-07-04,Brasil,27,1577004.0,64265,876359.0,636380.0
2020-07-05,Brasil,28,1603055.0,64867,906286.0,631902.0
2020-07-06,Brasil,28,1623284.0,65487,927292.0,630505.0
2020-07-07,Brasil,28,1668589.0,66741,976977.0,624871.0
2020-07-08,Brasil,28,1713160.0,67964,1020901.0,624295.0
2020-07-09,Brasil,28,1755779.0,69184,1054043.0,632552.0
2020-07-10,Brasil,28,1800827.0,70398,1078763.0,651666.0
2020-07-11,Brasil,28,1839850.0,71469,1100873.0,667508.0
2020-07-12,Brasil,29,1864681.0,72100,1123204.0,669377.0
2020-07-13,Brasil,29,1884967.0,72833,1154837.0,657297.0
2020-07-14,Brasil,29,1926824.0,74133,1209208.0,643483.0
2020-07-15,Brasil,29,1966748.0,75366,1255564.0,635818.0
2020-07-16,Brasil,29,2012151.0,76688,1296328.0,639135.0
2020-07-17,Brasil,29,2046328.0,77851,1321036.0,647441.0
2020-07-18,Brasil,29,2074860.0,78772,1342362.0,653726.0
2020-07-19,Brasil,30,2098389.0,79488,1371229.0,647672.0
2020-07-20,Brasil,30,2118646.0,80120,1409202.0,629324.0
2020-07-21,Brasil,30,2159654.0,81487,1465970.0,612197.0
2020-07-22,Brasil,30,2227514.0,82771,1532138.0,612605.0
2020-07-23,Brasil,30,2287475.0,84082,1570237.0,633156.0
2020-07-24,Brasil,30,2343366.0,85238,1592281.0,665847.0
2020-07-25,Brasil,30,2394513.0,86449,1617480.0,690584.0
2020-07-26,Brasil,31,2419091.0,87004,1634274.0,697813.0
2020-07-27,Brasil,31,2442375.0,87618,1667667.0,687090.0
2020-07-28,Brasil,31,2483191.0,88539,1721560.0,673092.0
2020-07-29,Brasil,31,2552265.0,90134,1786753.0,675378.0
2020-07-30,Brasil,31,2610102.0,91263,1824095.0,694744.0
2020-07-31,Brasil,31,2662485.0,92475,1844051.0,725959.0
2020-08-01,Brasil,31,2707877.0,93563,1865729.0,748585.0
2020-08-02,Brasil,32,2733677.0,94104,1883677.0,755896.0
2020-08-03,Brasil,32,2750318.0,94665,1912319.0,743334.0
2020-08-04,Brasil,32,2801921.0,95819,1970767.0,735335.0
2020-08-05,Brasil,32,2857597.0,97240,2020637.0,741180.0
2020-08-06,Brasil,32,2912212.0,98493,2080916.0,781954.0
2020-08-07,Brasil,32,2962442.0,99572,2068394.0,794476.0
2020-08-08,Brasil,32,3012412.0,100477,2094293.0,817642.0
2020-08-09,Brasil,33,3035422.0,101049,2118460.0,815913.0
2020-08-10,Brasil,33,3057470.0,101752,2163812.0,791906.0
2020-08-11,Brasil,33,3109630.0,103026,2243124.0,763480.0
2020-08-12,Brasil,33,3164785.0,104201,2309477.0,751107.0
2020-08-13,Brasil,33,3224876.0,105463,2356640.0,762773.0
2020-08-14,Brasil,33,3275520.0,106523,2384302.0,784695.0
2020-08-15,Brasil,33,3317096.0,107232,2404272.0,805592.0
2020-08-16,Brasil,34,3340197.0,107852,2432456.0,799889.0
2020-08-17,Brasil,34,3359570.0,108536,2478494.0,772540.0
2020-08-18,Brasil,34,3407354.0,109888,2554179.0,743287.0
2020-08-19,Brasil,34,3456652.0,111100,2615254.0,730298.0
2020-08-20,Brasil,34,3501975.0,112304,2653407.0,736264.0
2020-08-21,Brasil,34,3532330.0,113358,2670755.0,748217.0
2020-08-22,Brasil,34,3582362.0,114250,2709638.0,758474.0
2020-08-23,Brasil,35,3605783.0,114744,2739035.0,752004.0
2020-08-24,Brasil,35,3622861.0,115309,2778709.0,728843.0
2020-08-25,Brasil,35,3669995.0,116580,2848395.0,705020.0
2020-08-26,Brasil,35,3717156.0,117665,2908848.0,690642.0
2020-08-27,Brasil,35,3761391.0,118649,2947250.0,695492.0
2020-08-28,Brasil,35,3804803.0,119504,2976796.0,708503.0
2020-08-29,Brasil,35,3846153.0,120462,3006679.0,719012.0
2020-08-30,Brasil,36,3862311.0,120828,3031626.0,709857.0
2020-08-31,Brasil,36,3908272.0,121381,3097734.0,689157.0
2020-09-01,Brasil,36,3950931.0,122596,3159096.0,669239.0
2020-09-02,Brasil,36,3997865.0,123780,3210405.0,663680.0
2020-09-03,Brasil,36,4041638.0,124614,3247610.0,669414.0
2020-09-04,Brasil,36,4092832.0,125521,3278918.0,688393.0
2020-09-05,Brasil,36,4123000.0,126203,3296702.0,700095.0
2020-09-06,Brasil,37,4137521.0,126650,3317227.0,693644.0
2020-09-07,Brasil,37,4147794.0,126960,3355564.0,665270.0
2020-09-08,Brasil,37,4162073.0,127464,3397234.0,637375.0
2020-09-09,Brasil,37,4197889.0,128539,3453336.0,616014.0
2020-09-10,Brasil,37,4238446.0,129522,3497337.0,611587.0
2020-09-11,Brasil,37,4282164.0,130396,3530655.0,621113.0
2020-09-12,Brasil,37,4315687.0,131210,3553421.0,631056.0
2020-09-13,Brasil,38,4330455.0,131625,3573958.0,624872.0
2020-09-14,Brasil,38,4345610.0,132006,3613184.0,600420.0
2020-09-15,Brasil,38,4382263.0,133119,3671128.0,578016.0
2020-09-16,Brasil,38,4419083.0,134106,3720312.0,564665.0
2020-09-17,Brasil,38,4455386.0,134935,3753082.0,567369.0
2020-09-18,Brasil,38,4495183.0,135793,3789139.0,570251.0
2020-09-19,Brasil,38,4528240.0,136532,3820095.0,571613.0
2020-09-20,Brasil,39,4544629.0,136895,3851227.0,556507.0
2020-09-21,Brasil,39,4558068.0,137272,3887199.0,533597.0
2020-09-22,Brasil,39,4591604.0,138108,3945627.0,507869.0
2020-09-23,Brasil,39,4624885.0,138977,3992886.0,493022.0
2020-09-24,Brasil,39,4657702.0,139808,4023789.0,494105.0
2020-09-25,Brasil,39,4689613.0,140537,4040949.0,508127.0
2020-09-26,Brasil,39,4717991.0,141406,4050837.0,525748.0
2020-09-27,Brasil,40,4732309.0,141741,4060088.0,530480.0
2020-09-28,Brasil,40,4745464.0,142058,4084182.0,519224.0
2020-09-29,Brasil,40,4777522.0,142921,4135088.0,499513.0
2020-09-30,Brasil,40,4810935.0,143952,4180376.0,486607.0
2020-10-01,Brasil,40,4847092.0,144680,4212772.0,489640.0
2020-10-02,Brasil,40,4880523.0,145388,4232593.0,502542.0
2020-10-03,Brasil,40,4906833.0,145987,4248574.0,512272.0
2020-10-04,Brasil,41,4915289.0,146352,4263208.0,505729.0
2020-10-05,Brasil,41,4927235.0,146675,4295302.0,485258.0
2020-10-06,Brasil,41,4969141.0,147494,4352871.0,468776.0
2020-10-07,Brasil,41,5000694.0,148228,4391424.0,461042.0
2020-10-08,Brasil,41,5028444.0,148957,4414564.0,464923.0
2020-10-09,Brasil,41,5055888.0,149639,4433595.0,472654.0
2020-10-10,Brasil,41,5082637.0,150198,4453722.0,478717.0
2020-10-11,Brasil,42,5094979.0,150488,4470163.0,474328.0
2020-10-12,Brasil,42,5103408.0,150689,4495269.0,457450.0
2020-10-13,Brasil,42,5113628.0,150998,4526975.0,435655.0
2020-10-14,Brasil,42,5140863.0,151747,4568813.0,420303.0
2020-10-15,Brasil,42,5169386.0,152460,4599446.0,417480.0
2020-10-16,Brasil,42,5200300.0,153214,4619560.0,427526.0
2020-10-17,Brasil,42,5224362.0,153675,4635315.0,435372.0
2020-10-18,Brasil,43,5235344.0,153905,4650030.0,431409.0
2020-10-19,Brasil,43,5250727.0,154176,4681659.0,414892.0
2020-10-20,Brasil,43,5273954.0,154837,4721593.0,397524.0
2020-10-21,Brasil,43,5298772.0,155403,4756489.0,386880.0
2020-10-22,Brasil,43,5323630.0,155900,4779295.0,388435.0
2020-10-23,Brasil,43,5353656.0,156471,4797872.0,399313.0
2020-10-24,Brasil,43,5380635.0,156903,4817898.0,405834.0
2020-10-25,Brasil,44,5394128.0,157134,4835915.0,401079.0
2020-10-26,Brasil,44,5409854.0,157397,4865930.0,386527.0
2020-10-27,Brasil,44,5439641.0,157946,4904046.0,377649.0
2020-10-28,Brasil,44,5468270.0,158456,4934548.0,375266.0
2020-10-29,Brasil,44,5494376.0,158969,4954159.0,381248.0
2020-10-30,Brasil,44,5516658.0,159477,4966264.0,390917.0
2020-10-31,Brasil,44,5535605.0,159884,4972898.0,402823.0
2020-11-01,Brasil,45,5545705.0,160074,4980942.0,404689.0
2020-11-02,Brasil,45,5554206.0,160253,4998408.0,395545.0
2020-11-03,Brasil,45,5566049.0,160496,5028216.0,377337.0
2020-11-04,Brasil,45,5590025.0,161106,5064344.0,364575.0
2020-11-05,Brasil,45,5612319.0,161736,5088635.0,361948.0
2020-11-06,Brasil,45,5633747.0,162038,5104195.0,367514.0
2020-11-07,Brasil,45,5653561.0,162269,5119132.0,372160.0
2020-11-08,Brasil,46,5664115.0,162397,5133155.0,368563.0
2020-11-09,Brasil,46,5675032.0,162628,5154005.0,358399.0
2020-11-10,Brasil,46,5700044.0,162829,5189529.0,347686.0
2020-11-11,Brasil,46,5748375.0,163373,5236345.0,348657.0
2020-11-12,Brasil,46,5781582.0,164281,5256767.0,360534.0
2020-11-13,Brasil,46,5810652.0,164737,5267567.0,378348.0
2020-11-14,Brasil,46,5848959.0,165658,5291511.0,391790.0
2020-11-15,Brasil,47,5863093.0,165798,5303114.0,394181.0
2020-11-16,Brasil,47,5876464.0,166014,5322406.0,388044.0
2020-11-17,Brasil,47,5911758.0,166699,5361592.0,383467.0
2020-11-18,Brasil,47,5945849.0,167455,5389863.0,388531.0
2020-11-19,Brasil,47,5981767.0,168061,5407498.0,406208.0
2020-11-20,Brasil,47,6020164.0,168613,5422102.0,429449.0
2020-11-21,Brasil,47,6052786.0,168989,5429158.0,454639.0
2020-11-22,Brasil,48,6071401.0,169183,5432505.0,469713.0
2020-11-23,Brasil,48,6087608.0,169485,5445095.0,473028.0
2020-11-24,Brasil,48,6118708.0,170115,5476018.0,472575.0
2020-11-25,Brasil,48,6166606.0,170769,5512847.0,482990.0
2020-11-26,Brasil,48,6204220.0,171460,5528599.0,504161.0
2020-11-27,Brasil,48,6238350.0,171974,5536524.0,529852.0
2020-11-28,Brasil,48,6290272.0,172561,5562539.0,555172.0
2020-11-29,Brasil,49,6314740.0,172833,5578118.0,563789.0
2020-11-30,Brasil,49,6335878.0,173120,5601804.0,560954.0
2020-12-01,Brasil,49,6386787.0,173817,5656498.0,556472.0
2020-12-02,Brasil,49,6436650.0,174515,5698353.0,563782.0
2020-12-03,Brasil,49,6487084.0,175270,5725010.0,586804.0
2020-12-04,Brasil,49,6533968.0,175964,5744369.0,613635.0
2020-12-05,Brasil,49,6577177.0,176628,5761363.0,639186.0
2020-12-06,Brasil,50,6603540.0,176941,5776182.0,650417.0
2020-12-07,Brasil,50,6623911.0,177317,5801067.0,645527.0
2020-12-08,Brasil,50,6674999.0,178159,5854709.0,642131.0
2020-12-09,Brasil,50,6728452.0,178995,5901511.0,647946.0
2020-12-10,Brasil,50,6781799.0,179765,5931777.0,670257.0
2020-12-11,Brasil,50,6836227.0,180437,5954745.0,701045.0
2020-12-12,Brasil,50,6880127.0,181123,5969706.0,729298.0
2020-12-13,Brasil,51,6901952.0,181402,5982953.0,737597.0
2020-12-14,Brasil,51,6927145.0,181835,6016085.0,729225.0
2020-12-15,Brasil,51,6970034.0,182799,6067862.0,719373.0
2020-12-16,Brasil,51,7040608.0,183735,6132683.0,724190.0
2020-12-17,Brasil,51,7110434.0,184827,6177702.0,747905.0
2020-12-18,Brasil,51,7162978.0,185650,6198185.0,779143.0
2020-12-19,Brasil,51,7213155.0,186356,6222764.0,804035.0
2020-12-20,Brasil,52,7238600.0,186764,6245801.0,806035.0
2020-12-21,Brasil,52,7263619.0,187291,6286980.0,789348.0
2020-12-22,Brasil,52,7318821.0,188259,6354972.0,775590.0
2020-12-23,Brasil,52,7365517.0,189220,6405356.0,770941.0
2020-12-24,Brasil,52,7425593.0,190006,6448740.0,785223.0
2020-12-24,Brasil,52,7425593.0,190006,6449822.0,785765.0
2020-12-25,Brasil,52,7448560.0,190488,6459335.0,798737.0
2020-12-26,Brasil,52,7465806.0,190795,6475466.0,799545.0
2020-12-27,Brasil,53,7484285.0,191139,6515370.0,777776.0
2020-12-28,Brasil,53,7504833.0,191570,6568898.0,744365.0
2020-12-29,Brasil,53,7563551.0,192681,6647538.0,723332.0
2020-12-30,Brasil,53,7619200.0,193875,6707781.0,717544.0
2020-12-31,Brasil,53,7675973.0,194949,6747065.0,733959.0
2021-01-01,Brasil,53,7700578.0,195411,6756284.0,748883.0
2021-01-02,Brasil,53,7716405.0,195725,6769420.0,751260.0
2021-01-03,Brasil,1,7733746.0,196018,6813008.0,724720.0
2021-01-04,Brasil,1,7753752.0,196561,6875230.0,681961.0
2021-01-05,Brasil,1,7810400.0,197732,6963407.0,649261.0
2021-01-06,Brasil,1,7873830.0,198974,7036530.0,638326.0
2021-01-07,Brasil,1,7961673.0,200498,7096931.0,664244.0
2021-01-08,Brasil,1,8013708.0,201460,7114474.0,697774.0
2021-01-09,Brasil,1,8075998.0,202631,7144011.0,729356.0
2021-01-10,Brasil,2,8105790.0,203100,7167651.0,735039.0
2021-01-11,Brasil,2,8131612.0,203580,7207483.0,720549.0
2021-01-12,Brasil,2,8195637.0,204690,7273707.0,717240.0
2021-01-13,Brasil,2,8256536.0,205964,7277195.0,713752.0
2021-01-13,Brasil,2,8256536.0,205964,7316944.0,733628.0
2021-01-14,Brasil,2,8324294.0,207095,7339703.0,777496.0
2021-01-15,Brasil,2,8393492.0,208246,7361379.0,823867.0
2021-01-16,Brasil,2,8455059.0,209296,7388784.0,856979.0
2021-01-17,Brasil,3,8488099.0,209847,7411654.0,866598.0
2021-01-18,Brasil,3,8511770.0,210299,7452047.0,849424.0
2021-01-19,Brasil,3,8573864.0,211491,7518846.0,843527.0
2021-01-20,Brasil,3,8638249.0,212831,7564622.0,860796.0
2021-01-21,Brasil,3,8697368.0,214147,7580741.0,902480.0
2021-01-22,Brasil,3,8753920.0,215243,7594771.0,943906.0
2021-01-23,Brasil,3,8816254.0,216445,7628438.0,971371.0
2021-01-24,Brasil,4,8844577.0,217037,7653770.0,973770.0
2021-01-25,Brasil,4,8871393.0,217664,7709602.0,944127.0
2021-01-26,Brasil,4,8933356.0,218878,7798655.0,915823.0
2021-01-27,Brasil,4,8996876.0,220161,7877337.0,899378.0
2021-01-28,Brasil,4,9058687.0,221547,7923794.0,913346.0
2021-01-29,Brasil,4,9118513.0,222666,7960643.0,935204.0
2021-01-30,Brasil,4,9176975.0,223945,7998246.0,954784.0
2021-01-31,Brasil,5,9204731.0,224504,8027042.0,953185.0
2021-02-01,Brasil,5,9229322.0,225099,8077967.0,926256.0
2021-02-02,Brasil,5,9283418.0,226309,8160929.0,896180.0
2021-02-03,Brasil,5,9339420.0,227563,8236864.0,874993.0
2021-02-04,Brasil,5,9396293.0,228795,8291763.0,875735.0
2021-02-05,Brasil,5,9447165.0,230034,8326798.0,890333.0
2021-02-06,Brasil,5,9497795.0,231012,8363677.0,903106.0
2021-02-07,Brasil,6,9524640.0,231534,8397187.0,895919.0
2021-02-08,Brasil,6,9548079.0,232170,8447645.0,868264.0
2021-02-09,Brasil,6,9599565.0,233520,8523462.0,842583.0
2021-02-10,Brasil,6,9659167.0,234850,8596130.0,828187.0
2021-02-11,Brasil,6,9713909.0,236201,8643693.0,834015.0
2021-02-12,Brasil,6,9765455.0,237489,8678327.0,849639.0
2021-02-13,Brasil,6,9809754.0,238532,8710840.0,860382.0
2021-02-14,Brasil,7,9834513.0,239245,8745424.0,849844.0
2021-02-15,Brasil,7,9866710.0,239773,8805239.0,821698.0
2021-02-16,Brasil,7,9921981.0,240940,8883191.0,797850.0
2021-02-17,Brasil,7,9978747.0,242090,8950450.0,786207.0
2021-02-18,Brasil,7,10030626.0,243457,8995246.0,791923.0
2021-02-19,Brasil,7,10081676.0,244765,9029159.0,807752.0
2021-02-20,Brasil,7,10139148.0,245977,9067939.0,825232.0
2021-02-21,Brasil,8,10168174.0,246504,9095483.0,826187.0
2021-02-22,Brasil,8,10195160.0,247143,9139215.0,808802.0
2021-02-23,Brasil,8,10257875.0,248529,9215164.0,794182.0
2021-02-24,Brasil,8,10324463.0,249957,9281018.0,793488.0
2021-02-25,Brasil,8,10390461.0,251498,9323696.0,815267.0
2021-02-26,Brasil,8,10455630.0,252835,,
2021-02-27,Brasil,8,10517232.0,254221,9386440.0,876571.0
2021-02-28,Brasil,9,10551259.0,254942,9411033.0,885284.0
2021-03-01,Brasil,9,10587001.0,255720,9457100.0,874181.0
2021-03-02,Brasil,9,10646926.0,257361,9527173.0,862392.0
2021-03-03,Brasil,9,10718630.0,259271,9591590.0,867769.0
2021-03-04,Brasil,9,10793732.0,260970,9637020.0,895742.0
2021-03-05,Brasil,9,10869227.0,262770,9671410.0,935047.0
2021-03-06,Brasil,9,10938836.0,264325,9704351.0,970160.0
2021-03-07,Brasil,10,11019344.0,265411,9757178.0,996755.0
2021-03-08,Brasil,10,11051665.0,266398,9782320.0,1002947.0
2021-03-09,Brasil,10,11122429.0,268370,9843218.0,1010841.0
2021-03-10,Brasil,10,11202305.0,270656,9913739.0,1017910.0
2021-03-11,Brasil,10,11277717.0,272889,9958566.0,1046262.0
2021-03-12,Brasil,10,11363380.0,275105,10000980.0,1087295.0
2021-03-13,Brasil,10,11439558.0,277102,10036947.0,1125509.0
2021-03-14,Brasil,11,11483370.0,278229,10063808.0,1141333.0
2021-03-15,Brasil,11,11519609.0,279286,10111954.0,1128369.0
2021-03-16,Brasil,11,11603535.0,282127,10204541.0,1116867.0
2021-03-17,Brasil,11,11693838.0,284775,10287057.0,1122006.0
2021-03-18,Brasil,11,11780820.0,287499,10339432.0,1153889.0
2021-03-19,Brasil,11,11871390.0,290314,10383460.0,1197616.0
2021-03-20,Brasil,11,11950459.0,292752,10419393.0,1238314.0
2021-03-21,Brasil,12,11998233.0,294042,10449933.0,1254258.0
2021-03-22,Brasil,12,12047526.0,295425,10507995.0,1244106.0
2021-03-23,Brasil,12,12130019.0,298676,10601658.0,1229685.0
2021-03-24,Brasil,12,12220011.0,300685,10689646.0,1229680.0
2021-03-25,Brasil,12,12320169.0,303462,10772549.0,1244158.0
2021-03-26,Brasil,12,12404414.0,307112,10824095.0,1273207.0
2021-03-27,Brasil,12,12490362.0,310550,10879627.0,1300185.0
2021-03-28,Brasil,13,12534688.0,312206,10912941.0,1309541.0
2021-03-29,Brasil,13,12573615.0,313866,10969247.0,1290502.0
2021-03-30,Brasil,13,12658109.0,317646,11074483.0,1265980.0
2021-03-31,Brasil,13,12748747.0,321515,11169937.0,1257295.0
2021-04-01,Brasil,13,12839844.0,325284,11239099.0,1275461.0
2021-04-02,Brasil,13,12910082.0,328206,11276628.0,1305248.0
2021-04-03,Brasil,13,12953597.0,330193,11305746.0,1317658.0
2021-04-04,Brasil,14,12984956.0,331433,11357521.0,1296002.0
2021-04-05,Brasil,14,13013601.0,332752,11436189.0,1244660.0
2021-04-06,Brasil,14,13100580.0,336947,11558784.0,1204849.0
2021-04-07,Brasil,14,13193205.0,340776,11664158.0,1188271.0
2021-04-08,Brasil,14,13279857.0,345025,11732193.0,1202639.0
2021-04-09,Brasil,14,13373174.0,348718,11791885.0,1232571.0
2021-04-10,Brasil,14,13445006.0,351334,11838564.0,1255108.0
2021-04-11,Brasil,15,13482023.0,353137,11880803.0,1248083.0
2021-04-12,Brasil,15,13517808.0,354617,11957068.0,1206123.0
2021-04-13,Brasil,15,13599994.0,358425,12074798.0,1166771.0
2021-04-14,Brasil,15,13673507.0,361884,12170771.0,1140852.0
2021-04-15,Brasil,15,13746681.0,365444,12236295.0,1144942.0
2021-04-16,Brasil,15,13832455.0,368749,12298863.0,1164843.0
2021-04-17,Brasil,15,13900091.0,371678,12344861.0,1183552.0
2021-04-18,Brasil,16,13943071.0,373335,12391599.0,1178137.0
2021-04-19,Brasil,16,13973695.0,374682,12460712.0,1138301.0
2021-04-20,Brasil,16,14043076.0,378003,12561689.0,1103384.0
2021-04-21,Brasil,16,14122795.0,381475,12646132.0,1095188.0
2021-04-22,Brasil,16,14167973.0,383502,12673785.0,1110686.0
2021-04-23,Brasil,16,14237078.0,386416,12711103.0,1139559.0
2021-04-24,Brasil,16,14308215.0,389492,12766772.0,1151951.0
2021-04-25,Brasil,17,14340787.0,390797,12809169.0,1140821.0
2021-04-26,Brasil,17,14369423.0,391936,12879051.0,1098436.0
2021-04-27,Brasil,17,14441563.0,395022,12992442.0,1054099.0
2021-04-28,Brasil,17,14521289.0,398185,13091714.0,1031390.0
2021-04-29,Brasil,17,14590678.0,401186,13152118.0,1037374.0
2021-04-30,Brasil,17,14659011.0,403781,13194538.0,1060692.0
2021-05-01,Brasil,17,14725975.0,406437,13242665.0,1076873.0
2021-05-02,Brasil,18,14754910.0,407639,13278718.0,1068553.0
2021-05-03,Brasil,18,14779529.0,408622,13336476.0,1034431.0
2021-05-04,Brasil,18,14856888.0,411588,13442996.0,1002304.0
2021-05-05,Brasil,18,14930183.0,414399,13529572.0,986212.0
2021-05-06,Brasil,18,15003563.0,416949,13591335.0,995279.0
2021-05-07,Brasil,18,15082449.0,419114,13640478.0,1022857.0
2021-05-08,Brasil,18,15145879.0,421316,13677668.0,1046895.0
2021-05-09,Brasil,19,15184790.0,422340,13714135.0,1048315.0
2021-05-10,Brasil,19,15209990.0,423229,13759125.0,1027636.0
2021-05-11,Brasil,19,15282705.0,425540,13847191.0,1009974.0
2021-05-12,Brasil,19,15359397.0,428034,13924217.0,1007146.0
2021-05-13,Brasil,19,15433989.0,430417,13979329.0,1024243.0
2021-05-14,Brasil,19,15519525.0,432628,14028355.0,1058542.0
2021-05-15,Brasil,19,15586534.0,434715,14062396.0,1089423.0
2021-05-16,Brasil,20,15627475.0,435751,14097287.0,1094437.0
2021-05-17,Brasil,20,15657391.0,436537,14152433.0,1068421.0
2021-05-18,Brasil,20,15732836.0,439050,14247609.0,1046177.0
2021-05-19,Brasil,20,15812055.0,441691,14330118.0,1040246.0
2021-05-20,Brasil,20,15894094.0,444094,14385962.0,1064038.0
2021-05-21,Brasil,20,15970949.0,446309,14422209.0,1102431.0
2021-05-22,Brasil,20,16047439.0,448208,14462432.0,1136799.0
2021-05-23,Brasil,21,16083258.0,449068,14492167.0,1142023.0
